source_form,reading_date,week_id,meter_id,subb_code,building_name,raw_reading,raw_unit,reader,note
forms/2026-W17.csv,2026-04-24,2026-W17,B.0001__FL01__MDB,MDB,บ.0001 อาคาร แฟลต อบค.,8041.0,kWh,,
forms/2026-W18.csv,2026-05-01,2026-W18,B.0001__FL01__MDB,MDB,บ.0001 อาคาร แฟลต อบค.,8046.0,kWh,,
forms/2026-W19.csv,2026-05-08,2026-W19,B.0001__FL01__MDB,MDB,บ.0001 อาคาร แฟลต อบค.,8048.0,kWh,,
forms/2026-W20.csv,2026-05-15,2026-W20,B.0001__FL01__MDB,MDB,บ.0001 อาคาร แฟลต อบค.,8051.0,kWh,,
forms/2026-W17.csv,2026-04-24,2026-W17,D.0015__FL01__MDB,MDB,ต.0015 อาคารโรงซ่อมเครื่องกล อสร.,26864.0,kWh,,
forms/2026-W19.csv,2026-05-08,2026-W19,D.0015__FL01__MDB,MDB,ต.0015 อาคารโรงซ่อมเครื่องกล อสร.,26864.0,kWh,,
forms/2026-W17.csv,2026-04-24,2026-W17,D.0017__FL01__MDB,MDB,ต.0017 อาคาร โรงอาหาร,8870.84,kWh,,
forms/2026-W18.csv,2026-05-01,2026-W18,D.0017__FL01__MDB,MDB,ต.0017 อาคาร โรงอาหาร,9105.88,kWh,,
forms/2026-W19.csv,2026-05-08,2026-W19,D.0017__FL01__MDB,MDB,ต.0017 อาคาร โรงอาหาร,9197.61,kWh,,
forms/2026-W20.csv,2026-05-15,2026-W20,D.0017__FL01__MDB,MDB,ต.0017 อาคาร โรงอาหาร,9363.81,kWh,,
forms/2026-W17.csv,2026-04-24,2026-W17,D.0017__FL01__ร้านค้า_1,ร้านค้า 1,ต.0017 ร้านอาหาร 1 (จ๊ายตี๋),9069.0,kWh,,
forms/2026-W18.csv,2026-05-01,2026-W18,D.0017__FL01__ร้านค้า_1,ร้านค้า 1,ต.0017 ร้านอาหาร 1 (จ๊ายตี๋),9180.0,kWh,,
forms/2026-W19.csv,2026-05-08,2026-W19,D.0017__FL01__ร้านค้า_1,ร้านค้า 1,ต.0017 ร้านอาหาร 1 (จ๊ายตี๋),9237.0,kWh,,
forms/2026-W20.csv,2026-05-15,2026-W20,D.0017__FL01__ร้านค้า_1,ร้านค้า 1,ต.0017 ร้านอาหาร 1 (จ๊ายตี๋),9319.0,kWh,,
forms/2026-W17.csv,2026-04-24,2026-W17,D.0017__FL01__ร้านค้า_2,ร้านค้า 2,ต.0017 ร้านอาหาร 2 (ก๋วยเตี๋ยวสะบัดเส้น),5064.0,kWh,,
forms/2026-W18.csv,2026-05-01,2026-W18,D.0017__FL01__ร้านค้า_2,ร้านค้า 2,ต.0017 ร้านอาหาร 2 (ก๋วยเตี๋ยวสะบัดเส้น),5116.0,kWh,,
forms/2026-W19.csv,2026-05-08,2026-W19,D.0017__FL01__ร้านค้า_2,ร้านค้า 2,ต.0017 ร้านอาหาร 2 (ก๋วยเตี๋ยวสะบัดเส้น),5142.0,kWh,,
forms/2026-W20.csv,2026-05-15,2026-W20,D.0017__FL01__ร้านค้า_2,ร้านค้า 2,ต.0017 ร้านอาหาร 2 (ก๋วยเตี๋ยวสะบัดเส้น),5182.0,kWh,,
forms/2026-W17.csv,2026-04-24,2026-W17,D.0017__FL01__ร้านค้า_4,ร้านค้า 4,ต.0017 ตู้ ATM ธนาคารกรุงไทย,2134.0,kWh,,
forms/2026-W18.csv,2026-05-01,2026-W18,D.0017__FL01__ร้านค้า_4,ร้านค้า 4,ต.0017 ตู้ ATM ธนาคารกรุงไทย,2166.0,kWh,,
forms/2026-W19.csv,2026-05-08,2026-W19,D.0017__FL01__ร้านค้า_4,ร้านค้า 4,ต.0017 ตู้ ATM ธนาคารกรุงไทย,2175.0,kWh,,
forms/2026-W20.csv,2026-05-15,2026-W20,D.0017__FL01__ร้านค้า_4,ร้านค้า 4,ต.0017 ตู้ ATM ธนาคารกรุงไทย,2196.0,kWh,,
forms/2026-W17.csv,2026-04-24,2026-W17,D.0017__FL01__ร้านค้า_5,ร้านค้า 5,ต.0017 ร้านกาแฟ ใหม่,1877.0,kWh,,
forms/2026-W18.csv,2026-05-01,2026-W18,D.0017__FL01__ร้านค้า_5,ร้านค้า 5,ต.0017 ร้านกาแฟ ใหม่,1881.0,kWh,,
forms/2026-W19.csv,2026-05-08,2026-W19,D.0017__FL01__ร้านค้า_5,ร้านค้า 5,ต.0017 ร้านกาแฟ ใหม่,1883.0,kWh,,
forms/2026-W20.csv,2026-05-15,2026-W20,D.0017__FL01__ร้านค้า_5,ร้านค้า 5,ต.0017 ร้านกาแฟ ใหม่,1886.0,kWh,,
forms/2026-W17.csv,2026-04-24,2026-W17,D.0019__FL01__MDB,MDB,ต.0019 อาคารนันทนาการพร้อมอาคารจอดรถ,178871.0,kWh,,
forms/2026-W18.csv,2026-05-01,2026-W18,D.0019__FL01__MDB,MDB,ต.0019 อาคารนันทนาการพร้อมอาคารจอดรถ,187382.0,kWh,,
forms/2026-W19.csv,2026-05-08,2026-W19,D.0019__FL01__MDB,MDB,ต.0019 อาคารนันทนาการพร้อมอาคารจอดรถ,190034.0,kWh,,
forms/2026-W20.csv,2026-05-15,2026-W20,D.0019__FL01__MDB,MDB,ต.0019 อาคารนันทนาการพร้อมอาคารจอดรถ,194851.0,kWh,,
forms/2026-W17.csv,2026-04-24,2026-W17,D.0019__FL01__ร้านค้า_1,ร้านค้า 1,ต.0019 ร้านอาหาร 4 (ครัวเทคแคร์),7211.0,kWh,,
forms/2026-W18.csv,2026-05-01,2026-W18,D.0019__FL01__ร้านค้า_1,ร้านค้า 1,ต.0019 ร้านอาหาร 4 (ครัวเทคแคร์),7308.0,kWh,,
forms/2026-W19.csv,2026-05-08,2026-W19,D.0019__FL01__ร้านค้า_1,ร้านค้า 1,ต.0019 ร้านอาหาร 4 (ครัวเทคแคร์),7349.0,kWh,,
forms/2026-W20.csv,2026-05-15,2026-W20,D.0019__FL01__ร้านค้า_1,ร้านค้า 1,ต.0019 ร้านอาหาร 4 (ครัวเทคแคร์),7414.0,kWh,,
forms/2026-W17.csv,2026-04-24,2026-W17,D.0019__FL01__ร้านค้า_2,ร้านค้า 2,ต.0019 ร้านอาหาร 5 (ตี๋ใหญ่ข้าวมันไก่),5760.0,kWh,,
forms/2026-W18.csv,2026-05-01,2026-W18,D.0019__FL01__ร้านค้า_2,ร้านค้า 2,ต.0019 ร้านอาหาร 5 (ตี๋ใหญ่ข้าวมันไก่),5760.0,kWh,,
forms/2026-W19.csv,2026-05-08,2026-W19,D.0019__FL01__ร้านค้า_2,ร้านค้า 2,ต.0019 ร้านอาหาร 5 (ตี๋ใหญ่ข้าวมันไก่),5760.0,kWh,,
forms/2026-W17.csv,2026-04-24,2026-W17,D.0019__FL01__ร้านค้า_3,ร้านค้า 3,ต.0019 ร้านอาหาร 6 (ก๋วยเตี๋ยวแก้วขวัญ),1147.0,kWh,,
forms/2026-W18.csv,2026-05-01,2026-W18,D.0019__FL01__ร้านค้า_3,ร้านค้า 3,ต.0019 ร้านอาหาร 6 (ก๋วยเตี๋ยวแก้วขวัญ),1191.0,kWh,,
forms/2026-W19.csv,2026-05-08,2026-W19,D.0019__FL01__ร้านค้า_3,ร้านค้า 3,ต.0019 ร้านอาหาร 6 (ก๋วยเตี๋ยวแก้วขวัญ),1211.0,kWh,,
forms/2026-W20.csv,2026-05-15,2026-W20,D.0019__FL01__ร้านค้า_3,ร้านค้า 3,ต.0019 ร้านอาหาร 6 (ก๋วยเตี๋ยวแก้วขวัญ),1242.0,kWh,,
forms/2026-W17.csv,2026-04-24,2026-W17,D.0019__FL01__ร้านค้า_4,ร้านค้า 4,ต.0019 ร้านอาหาร 7 (ต้อมผลไม้สด),5867.0,kWh,,
forms/2026-W18.csv,2026-05-01,2026-W18,D.0019__FL01__ร้านค้า_4,ร้านค้า 4,ต.0019 ร้านอาหาร 7 (ต้อมผลไม้สด),5884.0,kWh,,
forms/2026-W19.csv,2026-05-08,2026-W19,D.0019__FL01__ร้านค้า_4,ร้านค้า 4,ต.0019 ร้านอาหาร 7 (ต้อมผลไม้สด),5892.0,kWh,,
forms/2026-W20.csv,2026-05-15,2026-W20,D.0019__FL01__ร้านค้า_4,ร้านค้า 4,ต.0019 ร้านอาหาร 7 (ต้อมผลไม้สด),5905.0,kWh,,
forms/2026-W17.csv,2026-04-24,2026-W17,D.0019__FL01__ร้านค้า_5,ร้านค้า 5,ต.0019 ร้านอาหาร 8 (ปั้นไปเรื่อย),4141.0,kWh,,
forms/2026-W18.csv,2026-05-01,2026-W18,D.0019__FL01__ร้านค้า_5,ร้านค้า 5,ต.0019 ร้านอาหาร 8 (ปั้นไปเรื่อย),4325.0,kWh,,
forms/2026-W19.csv,2026-05-08,2026-W19,D.0019__FL01__ร้านค้า_5,ร้านค้า 5,ต.0019 ร้านอาหาร 8 (ปั้นไปเรื่อย),4409.0,kWh,,
forms/2026-W20.csv,2026-05-15,2026-W20,D.0019__FL01__ร้านค้า_5,ร้านค้า 5,ต.0019 ร้านอาหาร 8 (ปั้นไปเรื่อย),4537.0,kWh,,
forms/2026-W17.csv,2026-04-24,2026-W17,D.0019__FL01__ร้านค้า_6,ร้านค้า 6,ต.0019 ร้านอาหาร 9 (อาอิซะห์อาหารอิสลาม),1470.0,kWh,,
forms/2026-W18.csv,2026-05-01,2026-W18,D.0019__FL01__ร้านค้า_6,ร้านค้า 6,ต.0019 ร้านอาหาร 9 (อาอิซะห์อาหารอิสลาม),1510.0,kWh,,
forms/2026-W19.csv,2026-05-08,2026-W19,D.0019__FL01__ร้านค้า_6,ร้านค้า 6,ต.0019 ร้านอาหาร 9 (อาอิซะห์อาหารอิสลาม),1535.0,kWh,,
forms/2026-W20.csv,2026-05-15,2026-W20,D.0019__FL01__ร้านค้า_6,ร้านค้า 6,ต.0019 ร้านอาหาร 9 (อาอิซะห์อาหารอิสลาม),1578.0,kWh,,
forms/2026-W17.csv,2026-04-24,2026-W17,D.0019__FL01__ร้านค้า_7,ร้านค้า 7,ต.0019 ร้านสหกรณ์,3285.0,kWh,,
forms/2026-W18.csv,2026-05-01,2026-W18,D.0019__FL01__ร้านค้า_7,ร้านค้า 7,ต.0019 ร้านสหกรณ์,3679.0,kWh,,
forms/2026-W19.csv,2026-05-08,2026-W19,D.0019__FL01__ร้านค้า_7,ร้านค้า 7,ต.0019 ร้านสหกรณ์,3835.0,kWh,,
forms/2026-W17.csv,2026-04-24,2026-W17,D.0025__FL01__MDB,MDB,ต.0025 อาคารอเนกประสงค์,22.887,MWh,,
forms/2026-W18.csv,2026-05-01,2026-W18,D.0025__FL01__MDB,MDB,ต.0025 อาคารอเนกประสงค์,23.671,MWh,,
forms/2026-W19.csv,2026-05-08,2026-W19,D.0025__FL01__MDB,MDB,ต.0025 อาคารอเนกประสงค์,23.897,MWh,,
forms/2026-W20.csv,2026-05-15,2026-W20,D.0025__FL01__MDB,MDB,ต.0025 อาคารอเนกประสงค์,24.462,MWh,,
forms/2026-W17.csv,2026-04-24,2026-W17,D.0026__FL01__MDB,MDB,ต.0026 อาคารระบบประปา,6098.64,kWh,,
forms/2026-W18.csv,2026-05-01,2026-W18,D.0026__FL01__MDB,MDB,ต.0026 อาคารระบบประปา,6289.7,kWh,,
forms/2026-W19.csv,2026-05-08,2026-W19,D.0026__FL01__MDB,MDB,ต.0026 อาคารระบบประปา,6359.24,kWh,,
forms/2026-W20.csv,2026-05-15,2026-W20,D.0026__FL01__MDB,MDB,ต.0026 อาคารระบบประปา,6500.88,kWh,,
forms/2026-W17.csv,2026-04-24,2026-W17,D.0031__FL01__MDB,MDB,ต.0031 อาคารโรงอาหาร,42.377,MWh,,
forms/2026-W18.csv,2026-05-01,2026-W18,D.0031__FL01__MDB,MDB,ต.0031 อาคารโรงอาหาร,42.721,MWh,,
forms/2026-W19.csv,2026-05-08,2026-W19,D.0031__FL01__MDB,MDB,ต.0031 อาคารโรงอาหาร,42.876,MWh,,
forms/2026-W20.csv,2026-05-15,2026-W20,D.0031__FL01__MDB,MDB,ต.0031 อาคารโรงอาหาร,43.1,MWh,,
forms/2026-W17.csv,2026-04-24,2026-W17,D.0031__FL01__ร้านค้า_1,ร้านค้า 1,ต.0031 ร้านข้าวแกงคุณเพ็ญศรี,3275.0,kWh,,
forms/2026-W18.csv,2026-05-01,2026-W18,D.0031__FL01__ร้านค้า_1,ร้านค้า 1,ต.0031 ร้านข้าวแกงคุณเพ็ญศรี,3324.0,kWh,,
forms/2026-W19.csv,2026-05-08,2026-W19,D.0031__FL01__ร้านค้า_1,ร้านค้า 1,ต.0031 ร้านข้าวแกงคุณเพ็ญศรี,3348.0,kWh,,
forms/2026-W20.csv,2026-05-15,2026-W20,D.0031__FL01__ร้านค้า_1,ร้านค้า 1,ต.0031 ร้านข้าวแกงคุณเพ็ญศรี,3377.0,kWh,,
forms/2026-W19.csv,2026-05-08,2026-W19,D.0033__FL01__MDB,MDB,ต.0033 อาคารปฏิบัติการงานเชื่อม,0.0,kWh,,
forms/2026-W17.csv,2026-04-24,2026-W17,T.0006__FL01__MDB,MDB,ท.0006 อาคาร บริหารอะไหล่กังหันก๊าซ1 อรอ.,2.013529,MWh,,
forms/2026-W18.csv,2026-05-01,2026-W18,T.0006__FL01__MDB,MDB,ท.0006 อาคาร บริหารอะไหล่กังหันก๊าซ1 อรอ.,3.463,MWh,,
forms/2026-W19.csv,2026-05-08,2026-W19,T.0006__FL01__MDB,MDB,ท.0006 อาคาร บริหารอะไหล่กังหันก๊าซ1 อรอ.,4.28821,MWh,,
forms/2026-W20.csv,2026-05-15,2026-W20,T.0006__FL01__MDB,MDB,ท.0006 อาคาร บริหารอะไหล่กังหันก๊าซ1 อรอ.,5.573,MWh,,
forms/2026-W17.csv,2026-04-24,2026-W17,T.0007__FL01__MDB,MDB,ท.0007 อาคาร กองบริหาร ชธธ.,13.62842,MWh,,
forms/2026-W18.csv,2026-05-01,2026-W18,T.0007__FL01__MDB,MDB,ท.0007 อาคาร กองบริหาร ชธธ.,15.295,MWh,,
forms/2026-W19.csv,2026-05-08,2026-W19,T.0007__FL01__MDB,MDB,ท.0007 อาคาร กองบริหาร ชธธ.,15.903,MWh,,
forms/2026-W20.csv,2026-05-15,2026-W20,T.0007__FL01__MDB,MDB,ท.0007 อาคาร กองบริหาร ชธธ.,17.015,MWh,,
forms/2026-W18.csv,2026-05-01,2026-W18,T.0008__FL01__MDB,MDB,ท.0008 อาคาร บริหารอะไหล่กังหันก๊าซ2 อรอ.,1.806,kWh,,
forms/2026-W20.csv,2026-05-15,2026-W20,T.0008__FL01__MDB,MDB,ท.0008 อาคาร บริหารอะไหล่กังหันก๊าซ2 อรอ.,2.0911,kWh,,
forms/2026-W17.csv,2026-04-24,2026-W17,T.0010__FL01__MDB,MDB,ท.0010 อาคาร ทดสอบเครื่องกล อรอ.,73.62,kWh,,
forms/2026-W18.csv,2026-05-01,2026-W18,T.0010__FL01__MDB,MDB,ท.0010 อาคาร ทดสอบเครื่องกล อรอ.,75.481,kWh,,
forms/2026-W19.csv,2026-05-08,2026-W19,T.0010__FL01__MDB,MDB,ท.0010 อาคาร ทดสอบเครื่องกล อรอ.,76.293,kWh,,
forms/2026-W20.csv,2026-05-15,2026-W20,T.0010__FL01__MDB,MDB,ท.0010 อาคาร ทดสอบเครื่องกล อรอ.,77.598,kWh,,
forms/2026-W18.csv,2026-05-01,2026-W18,T.0011__FL01__MDB,MDB,ท.0011 อาคาร เครื่องมือ อบค.,387.85,kWh,,
forms/2026-W19.csv,2026-05-08,2026-W19,T.0011__FL01__MDB,MDB,ท.0011 อาคาร เครื่องมือ อบค.,904.7,kWh,,
forms/2026-W17.csv,2026-04-24,2026-W17,T.0012__FL01__MDB,MDB,ท.0012 อาคาร บำรุงรักษาเครื่องกล อบค.,300228.77,kWh,,
forms/2026-W18.csv,2026-05-01,2026-W18,T.0012__FL01__MDB,MDB,ท.0012 อาคาร บำรุงรักษาเครื่องกล อบค.,306180.1,kWh,,
forms/2026-W19.csv,2026-05-08,2026-W19,T.0012__FL01__MDB,MDB,ท.0012 อาคาร บำรุงรักษาเครื่องกล อบค.,308817.0,kWh,,
forms/2026-W20.csv,2026-05-15,2026-W20,T.0012__FL01__MDB,MDB,ท.0012 อาคาร บำรุงรักษาเครื่องกล อบค.,312939.85,kWh,,
forms/2026-W17.csv,2026-04-24,2026-W17,T.0014__FL01__MDB,MDB,ท.0014 อาคาร ปฏิบัติการฝ่ายบำรุงรักษาไฟฟ้าและโยธา,421871.0,kWh,,
forms/2026-W18.csv,2026-05-01,2026-W18,T.0014__FL01__MDB,MDB,ท.0014 อาคาร ปฏิบัติการฝ่ายบำรุงรักษาไฟฟ้าและโยธา,423539.0,kWh,,
forms/2026-W19.csv,2026-05-08,2026-W19,T.0014__FL01__MDB,MDB,ท.0014 อาคาร ปฏิบัติการฝ่ายบำรุงรักษาไฟฟ้าและโยธา,424243.0,kWh,,
forms/2026-W20.csv,2026-05-15,2026-W20,T.0014__FL01__MDB,MDB,ท.0014 อาคาร ปฏิบัติการฝ่ายบำรุงรักษาไฟฟ้าและโยธา,425461.0,kWh,,
forms/2026-W17.csv,2026-04-24,2026-W17,T.0015__FL01__MDB,MDB,ท.0015 อาคาศูนย์ปฏิบัติการทดสอบเคมี 2,503027.0,kWh,,
forms/2026-W18.csv,2026-05-01,2026-W18,T.0015__FL01__MDB,MDB,ท.0015 อาคาศูนย์ปฏิบัติการทดสอบเคมี 2,518275.0,kWh,,
forms/2026-W19.csv,2026-05-08,2026-W19,T.0015__FL01__MDB,MDB,ท.0015 อาคาศูนย์ปฏิบัติการทดสอบเคมี 2,526502.0,kWh,,
forms/2026-W20.csv,2026-05-15,2026-W20,T.0015__FL01__MDB,MDB,ท.0015 อาคาศูนย์ปฏิบัติการทดสอบเคมี 2,538249.0,kWh,,
forms/2026-W17.csv,2026-04-24,2026-W17,T.0017__FL01__MDB,MDB,ท.0017 อาคาร ศูนย์พัฒนางานเชื่อมและทดสอบฝีมือช่างเชื่อมสากล,334814.0,kWh,,
forms/2026-W18.csv,2026-05-01,2026-W18,T.0017__FL01__MDB,MDB,ท.0017 อาคาร ศูนย์พัฒนางานเชื่อมและทดสอบฝีมือช่างเชื่อมสากล,336229.0,kWh,,
forms/2026-W19.csv,2026-05-08,2026-W19,T.0017__FL01__MDB,MDB,ท.0017 อาคาร ศูนย์พัฒนางานเชื่อมและทดสอบฝีมือช่างเชื่อมสากล,336991.0,kWh,,
forms/2026-W20.csv,2026-05-15,2026-W20,T.0017__FL01__MDB,MDB,ท.0017 อาคาร ศูนย์พัฒนางานเชื่อมและทดสอบฝีมือช่างเชื่อมสากล,337647.0,kWh,,
forms/2026-W17.csv,2026-04-24,2026-W17,T.0018__FL01__MDB,MDB,ท.0018 อาคารศูนย์มาตรวิทยาและสอบเทียบเครื่องมือวัด,275715.0,kWh,,
forms/2026-W18.csv,2026-05-01,2026-W18,T.0018__FL01__MDB,MDB,ท.0018 อาคารศูนย์มาตรวิทยาและสอบเทียบเครื่องมือวัด,285365.0,kWh,,
forms/2026-W19.csv,2026-05-08,2026-W19,T.0018__FL01__MDB,MDB,ท.0018 อาคารศูนย์มาตรวิทยาและสอบเทียบเครื่องมือวัด,286598.0,kWh,,
forms/2026-W20.csv,2026-05-15,2026-W20,T.0018__FL01__MDB,MDB,ท.0018 อาคารศูนย์มาตรวิทยาและสอบเทียบเครื่องมือวัด,292180.0,kWh,,
forms/2026-W17.csv,2026-04-24,2026-W17,T.0019__FL01__AP1,AP1,ท.0019 ชั้นที่ 1 อาคารทำการ ชธธ. ระบบเครื่องปรับอากาศ 1,185422.24,kWh,,
forms/2026-W18.csv,2026-05-01,2026-W18,T.0019__FL01__AP1,AP1,ท.0019 ชั้นที่ 1 อาคารทำการ ชธธ. ระบบเครื่องปรับอากาศ 1,186230.48,kWh,,
forms/2026-W19.csv,2026-05-08,2026-W19,T.0019__FL01__AP1,AP1,ท.0019 ชั้นที่ 1 อาคารทำการ ชธธ. ระบบเครื่องปรับอากาศ 1,186395.92,kWh,,
forms/2026-W20.csv,2026-05-15,2026-W20,T.0019__FL01__AP1,AP1,ท.0019 ชั้นที่ 1 อาคารทำการ ชธธ. ระบบเครื่องปรับอากาศ 1,186766.37,kWh,,
forms/2026-W17.csv,2026-04-24,2026-W17,T.0019__FL01__EMDB_1,EMDB 1,ท.0019 ชั้นที่ 1 อาคารทำการ ชธธ. (EMDB),180955.03,kWh,,
forms/2026-W18.csv,2026-05-01,2026-W18,T.0019__FL01__EMDB_1,EMDB 1,ท.0019 ชั้นที่ 1 อาคารทำการ ชธธ. (EMDB),187343.04,kWh,,
forms/2026-W19.csv,2026-05-08,2026-W19,T.0019__FL01__EMDB_1,EMDB 1,ท.0019 ชั้นที่ 1 อาคารทำการ ชธธ. (EMDB),189103.39,kWh,,
forms/2026-W20.csv,2026-05-15,2026-W20,T.0019__FL01__EMDB_1,EMDB 1,ท.0019 ชั้นที่ 1 อาคารทำการ ชธธ. (EMDB),193292.65,kWh,,
forms/2026-W17.csv,2026-04-24,2026-W17,T.0019__FL01__LP1,LP1,ท.0019 ชั้นที่ 1 อาคารทำการ ชธธ. ระบบแสงสว่าง 1,97005.91,kWh,,
forms/2026-W18.csv,2026-05-01,2026-W18,T.0019__FL01__LP1,LP1,ท.0019 ชั้นที่ 1 อาคารทำการ ชธธ. ระบบแสงสว่าง 1,97106.39,kWh,,
forms/2026-W19.csv,2026-05-08,2026-W19,T.0019__FL01__LP1,LP1,ท.0019 ชั้นที่ 1 อาคารทำการ ชธธ. ระบบแสงสว่าง 1,97129.69,kWh,,
forms/2026-W20.csv,2026-05-15,2026-W20,T.0019__FL01__LP1,LP1,ท.0019 ชั้นที่ 1 อาคารทำการ ชธธ. ระบบแสงสว่าง 1,97198.89,kWh,,
forms/2026-W17.csv,2026-04-24,2026-W17,T.0019__FL01__Main,Main,ท.0019 ชั้นที่ 1 อาคารทำการ ชธธ.,731411.6,kWh,,
forms/2026-W18.csv,2026-05-01,2026-W18,T.0019__FL01__Main,Main,ท.0019 ชั้นที่ 1 อาคารทำการ ชธธ.,757461.47,kWh,,
forms/2026-W19.csv,2026-05-08,2026-W19,T.0019__FL01__Main,Main,ท.0019 ชั้นที่ 1 อาคารทำการ ชธธ.,768207.34,kWh,,
forms/2026-W20.csv,2026-05-15,2026-W20,T.0019__FL01__Main,Main,ท.0019 ชั้นที่ 1 อาคารทำการ ชธธ.,786075.82,kWh,,
forms/2026-W17.csv,2026-04-24,2026-W17,T.0019__FL01__PP1,PP1,ท.0019 ชั้นที่ 1 อาคารทำการ ชธธ. ระบบเครื่องใช้ไฟฟ้า 1,237264.36,kWh,,
forms/2026-W18.csv,2026-05-01,2026-W18,T.0019__FL01__PP1,PP1,ท.0019 ชั้นที่ 1 อาคารทำการ ชธธ. ระบบเครื่องใช้ไฟฟ้า 1,238413.01,kWh,,
forms/2026-W19.csv,2026-05-08,2026-W19,T.0019__FL01__PP1,PP1,ท.0019 ชั้นที่ 1 อาคารทำการ ชธธ. ระบบเครื่องใช้ไฟฟ้า 1,238729.55,kWh,,
forms/2026-W20.csv,2026-05-15,2026-W20,T.0019__FL01__PP1,PP1,ท.0019 ชั้นที่ 1 อาคารทำการ ชธธ. ระบบเครื่องใช้ไฟฟ้า 1,239494.27,kWh,,
forms/2026-W17.csv,2026-04-24,2026-W17,T.0019__FL03__AP3,AP3,ท.0019 ชั้นที่ 3 อาคารทำการ ชธธ. ระบบเครื่องปรับอากาศ 3,35788.93,kWh,,
forms/2026-W18.csv,2026-05-01,2026-W18,T.0019__FL03__AP3,AP3,ท.0019 ชั้นที่ 3 อาคารทำการ ชธธ. ระบบเครื่องปรับอากาศ 3,35894.98,kWh,,
forms/2026-W19.csv,2026-05-08,2026-W19,T.0019__FL03__AP3,AP3,ท.0019 ชั้นที่ 3 อาคารทำการ ชธธ. ระบบเครื่องปรับอากาศ 3,35948.98,kWh,,
forms/2026-W20.csv,2026-05-15,2026-W20,T.0019__FL03__AP3,AP3,ท.0019 ชั้นที่ 3 อาคารทำการ ชธธ. ระบบเครื่องปรับอากาศ 3,36041.04,kWh,,
forms/2026-W17.csv,2026-04-24,2026-W17,T.0019__FL03__LP3,LP3,ท.0019 ชั้นที่ 3 อาคารทำการ ชธธ. ระบบแสงสว่าง 3,19099.78,kWh,,
forms/2026-W18.csv,2026-05-01,2026-W18,T.0019__FL03__LP3,LP3,ท.0019 ชั้นที่ 3 อาคารทำการ ชธธ. ระบบแสงสว่าง 3,19112.96,kWh,,
forms/2026-W19.csv,2026-05-08,2026-W19,T.0019__FL03__LP3,LP3,ท.0019 ชั้นที่ 3 อาคารทำการ ชธธ. ระบบแสงสว่าง 3,19121.16,kWh,,
forms/2026-W20.csv,2026-05-15,2026-W20,T.0019__FL03__LP3,LP3,ท.0019 ชั้นที่ 3 อาคารทำการ ชธธ. ระบบแสงสว่าง 3,19131.41,kWh,,
forms/2026-W17.csv,2026-04-24,2026-W17,T.0019__FL03__PP3,PP3,ท.0019 ชั้นที่ 3 อาคารทำการ ชธธ. ระบบเครื่องใช้ไฟฟ้า 3,27234.7,kWh,,
forms/2026-W18.csv,2026-05-01,2026-W18,T.0019__FL03__PP3,PP3,ท.0019 ชั้นที่ 3 อาคารทำการ ชธธ. ระบบเครื่องใช้ไฟฟ้า 3,27295.87,kWh,,
forms/2026-W19.csv,2026-05-08,2026-W19,T.0019__FL03__PP3,PP3,ท.0019 ชั้นที่ 3 อาคารทำการ ชธธ. ระบบเครื่องใช้ไฟฟ้า 3,27323.77,kWh,,
forms/2026-W20.csv,2026-05-15,2026-W20,T.0019__FL03__PP3,PP3,ท.0019 ชั้นที่ 3 อาคารทำการ ชธธ. ระบบเครื่องใช้ไฟฟ้า 3,27367.76,kWh,,
forms/2026-W17.csv,2026-04-24,2026-W17,T.0019__FL03__SCB_3,SCB 3,ท.0019 ชั้นที่ 3 อาคารทำการ ชธธ.,116468.98,kWh,,
forms/2026-W18.csv,2026-05-01,2026-W18,T.0019__FL03__SCB_3,SCB 3,ท.0019 ชั้นที่ 3 อาคารทำการ ชธธ.,116706.94,kWh,,
forms/2026-W19.csv,2026-05-08,2026-W19,T.0019__FL03__SCB_3,SCB 3,ท.0019 ชั้นที่ 3 อาคารทำการ ชธธ.,116822.02,kWh,,
forms/2026-W20.csv,2026-05-15,2026-W20,T.0019__FL03__SCB_3,SCB 3,ท.0019 ชั้นที่ 3 อาคารทำการ ชธธ.,117006.44,kWh,,
forms/2026-W17.csv,2026-04-24,2026-W17,T.0019__FL04__AP4,AP4,ท.0019 ชั้นที่ 4 อาคารทำการ ชธธ. ระบบเครื่องปรับอากาศ 4,73515.3,kWh,,
forms/2026-W18.csv,2026-05-01,2026-W18,T.0019__FL04__AP4,AP4,ท.0019 ชั้นที่ 4 อาคารทำการ ชธธ. ระบบเครื่องปรับอากาศ 4,73687.2,kWh,,
forms/2026-W19.csv,2026-05-08,2026-W19,T.0019__FL04__AP4,AP4,ท.0019 ชั้นที่ 4 อาคารทำการ ชธธ. ระบบเครื่องปรับอากาศ 4,73789.93,kWh,,
forms/2026-W20.csv,2026-05-15,2026-W20,T.0019__FL04__AP4,AP4,ท.0019 ชั้นที่ 4 อาคารทำการ ชธธ. ระบบเครื่องปรับอากาศ 4,73943.42,kWh,,
forms/2026-W17.csv,2026-04-24,2026-W17,T.0019__FL04__LP4,LP4,ท.0019 ชั้นที่ 4 อาคารทำการ ชธธ. ระบบแสงสว่าง 4,119469.25,kWh,,
forms/2026-W18.csv,2026-05-01,2026-W18,T.0019__FL04__LP4,LP4,ท.0019 ชั้นที่ 4 อาคารทำการ ชธธ. ระบบแสงสว่าง 4,119650.6,kWh,,
forms/2026-W19.csv,2026-05-08,2026-W19,T.0019__FL04__LP4,LP4,ท.0019 ชั้นที่ 4 อาคารทำการ ชธธ. ระบบแสงสว่าง 4,119765.47,kWh,,
forms/2026-W20.csv,2026-05-15,2026-W20,T.0019__FL04__LP4,LP4,ท.0019 ชั้นที่ 4 อาคารทำการ ชธธ. ระบบแสงสว่าง 4,119897.18,kWh,,
forms/2026-W17.csv,2026-04-24,2026-W17,T.0019__FL04__PP41,PP41,ท.0019 ชั้นที่ 4 อาคารทำการ ชธธ. ระบบเครื่องใช้ไฟฟ้า 4/1,66109.17,kWh,,
forms/2026-W18.csv,2026-05-01,2026-W18,T.0019__FL04__PP41,PP41,ท.0019 ชั้นที่ 4 อาคารทำการ ชธธ. ระบบเครื่องใช้ไฟฟ้า 4/1,66323.87,kWh,,
forms/2026-W19.csv,2026-05-08,2026-W19,T.0019__FL04__PP41,PP41,ท.0019 ชั้นที่ 4 อาคารทำการ ชธธ. ระบบเครื่องใช้ไฟฟ้า 4/1,66400.67,kWh,,
forms/2026-W20.csv,2026-05-15,2026-W20,T.0019__FL04__PP41,PP41,ท.0019 ชั้นที่ 4 อาคารทำการ ชธธ. ระบบเครื่องใช้ไฟฟ้า 4/1,66552.68,kWh,,
forms/2026-W17.csv,2026-04-24,2026-W17,T.0019__FL04__PP42,PP42,ท.0019 ชั้นที่ 4 อาคารทำการ ชธธ. ระบบเครื่องใช้ไฟฟ้า 4/2,32889.57,kWh,,
forms/2026-W18.csv,2026-05-01,2026-W18,T.0019__FL04__PP42,PP42,ท.0019 ชั้นที่ 4 อาคารทำการ ชธธ. ระบบเครื่องใช้ไฟฟ้า 4/2,32958.62,kWh,,
forms/2026-W19.csv,2026-05-08,2026-W19,T.0019__FL04__PP42,PP42,ท.0019 ชั้นที่ 4 อาคารทำการ ชธธ. ระบบเครื่องใช้ไฟฟ้า 4/2,32993.99,kWh,,
forms/2026-W20.csv,2026-05-15,2026-W20,T.0019__FL04__PP42,PP42,ท.0019 ชั้นที่ 4 อาคารทำการ ชธธ. ระบบเครื่องใช้ไฟฟ้า 4/2,33058.86,kWh,,
forms/2026-W17.csv,2026-04-24,2026-W17,T.0019__FL04__SCB_4,SCB 4,ท.0019 ชั้นที่ 4 อบย.,347067.51,kWh,,
forms/2026-W18.csv,2026-05-01,2026-W18,T.0019__FL04__SCB_4,SCB 4,ท.0019 ชั้นที่ 4 อบย.,347825.21,kWh,,
forms/2026-W19.csv,2026-05-08,2026-W19,T.0019__FL04__SCB_4,SCB 4,ท.0019 ชั้นที่ 4 อบย.,348215.6,kWh,,
forms/2026-W20.csv,2026-05-15,2026-W20,T.0019__FL04__SCB_4,SCB 4,ท.0019 ชั้นที่ 4 อบย.,348812.28,kWh,,
forms/2026-W17.csv,2026-04-24,2026-W17,T.0019__FL05__AP5,AP5,ท.0019 ชั้นที่ 5 อาคารทำการ ชธธ. ระบบเครื่องปรับอากาศ 5,66626.0,kWh,,
forms/2026-W18.csv,2026-05-01,2026-W18,T.0019__FL05__AP5,AP5,ท.0019 ชั้นที่ 5 อาคารทำการ ชธธ. ระบบเครื่องปรับอากาศ 5,66812.46,kWh,,
forms/2026-W19.csv,2026-05-08,2026-W19,T.0019__FL05__AP5,AP5,ท.0019 ชั้นที่ 5 อาคารทำการ ชธธ. ระบบเครื่องปรับอากาศ 5,66903.41,kWh,,
forms/2026-W20.csv,2026-05-15,2026-W20,T.0019__FL05__AP5,AP5,ท.0019 ชั้นที่ 5 อาคารทำการ ชธธ. ระบบเครื่องปรับอากาศ 5,67074.08,kWh,,
forms/2026-W17.csv,2026-04-24,2026-W17,T.0019__FL05__LP5,LP5,ท.0019 ชั้นที่ 5 อาคารทำการ ชธธ. ระบบแสงสว่าง 5,78140.82,kWh,,
forms/2026-W18.csv,2026-05-01,2026-W18,T.0019__FL05__LP5,LP5,ท.0019 ชั้นที่ 5 อาคารทำการ ชธธ. ระบบแสงสว่าง 5,78254.12,kWh,,
forms/2026-W19.csv,2026-05-08,2026-W19,T.0019__FL05__LP5,LP5,ท.0019 ชั้นที่ 5 อาคารทำการ ชธธ. ระบบแสงสว่าง 5,78318.56,kWh,,
forms/2026-W20.csv,2026-05-15,2026-W20,T.0019__FL05__LP5,LP5,ท.0019 ชั้นที่ 5 อาคารทำการ ชธธ. ระบบแสงสว่าง 5,78394.2,kWh,,
forms/2026-W17.csv,2026-04-24,2026-W17,T.0019__FL05__PP51,PP51,ท.0019 ชั้นที่ 5 อาคารทำการ ชธธ. ระบบเครื่องใช้ไฟฟ้า 5/1,18125.61,kWh,,
forms/2026-W18.csv,2026-05-01,2026-W18,T.0019__FL05__PP51,PP51,ท.0019 ชั้นที่ 5 อาคารทำการ ชธธ. ระบบเครื่องใช้ไฟฟ้า 5/1,18176.71,kWh,,
forms/2026-W19.csv,2026-05-08,2026-W19,T.0019__FL05__PP51,PP51,ท.0019 ชั้นที่ 5 อาคารทำการ ชธธ. ระบบเครื่องใช้ไฟฟ้า 5/1,18203.16,kWh,,
forms/2026-W20.csv,2026-05-15,2026-W20,T.0019__FL05__PP51,PP51,ท.0019 ชั้นที่ 5 อาคารทำการ ชธธ. ระบบเครื่องใช้ไฟฟ้า 5/1,18241.36,kWh,,
forms/2026-W17.csv,2026-04-24,2026-W17,T.0019__FL05__PP52,PP52,ท.0019 ชั้นที่ 5 อาคารทำการ ชธธ. ระบบเครื่องใช้ไฟฟ้า 5/2,20587.68,kWh,,
forms/2026-W18.csv,2026-05-01,2026-W18,T.0019__FL05__PP52,PP52,ท.0019 ชั้นที่ 5 อาคารทำการ ชธธ. ระบบเครื่องใช้ไฟฟ้า 5/2,20678.18,kWh,,
forms/2026-W19.csv,2026-05-08,2026-W19,T.0019__FL05__PP52,PP52,ท.0019 ชั้นที่ 5 อาคารทำการ ชธธ. ระบบเครื่องใช้ไฟฟ้า 5/2,20711.79,kWh,,
forms/2026-W20.csv,2026-05-15,2026-W20,T.0019__FL05__PP52,PP52,ท.0019 ชั้นที่ 5 อาคารทำการ ชธธ. ระบบเครื่องใช้ไฟฟ้า 5/2,20775.95,kWh,,
forms/2026-W17.csv,2026-04-24,2026-W17,T.0019__FL05__SCB_5,SCB 5,"ท.0019 ชั้นที่ 5 อคม.,อบฟ.",217793.33,kWh,,
forms/2026-W18.csv,2026-05-01,2026-W18,T.0019__FL05__SCB_5,SCB 5,"ท.0019 ชั้นที่ 5 อคม.,อบฟ.",218321.85,kWh,,
forms/2026-W19.csv,2026-05-08,2026-W19,T.0019__FL05__SCB_5,SCB 5,"ท.0019 ชั้นที่ 5 อคม.,อบฟ.",218577.24,kWh,,
forms/2026-W20.csv,2026-05-15,2026-W20,T.0019__FL05__SCB_5,SCB 5,"ท.0019 ชั้นที่ 5 อคม.,อบฟ.",218989.96,kWh,,
forms/2026-W17.csv,2026-04-24,2026-W17,T.0019__FL06__AP6,AP6,ท.0019 ชั้นที่ 6 อาคารทำการ ชธธ. ระบบเครื่องปรับอากาศ 6,63334.71,kWh,,
forms/2026-W18.csv,2026-05-01,2026-W18,T.0019__FL06__AP6,AP6,ท.0019 ชั้นที่ 6 อาคารทำการ ชธธ. ระบบเครื่องปรับอากาศ 6,63508.55,kWh,,
forms/2026-W19.csv,2026-05-08,2026-W19,T.0019__FL06__AP6,AP6,ท.0019 ชั้นที่ 6 อาคารทำการ ชธธ. ระบบเครื่องปรับอากาศ 6,63595.01,kWh,,
forms/2026-W20.csv,2026-05-15,2026-W20,T.0019__FL06__AP6,AP6,ท.0019 ชั้นที่ 6 อาคารทำการ ชธธ. ระบบเครื่องปรับอากาศ 6,63738.05,kWh,,
forms/2026-W17.csv,2026-04-24,2026-W17,T.0019__FL06__LP6,LP6,ท.0019 ชั้นที่ 6 อาคารทำการ ชธธ. ระบบแสงสว่าง 6,71398.71,kWh,,
forms/2026-W18.csv,2026-05-01,2026-W18,T.0019__FL06__LP6,LP6,ท.0019 ชั้นที่ 6 อาคารทำการ ชธธ. ระบบแสงสว่าง 6,71503.49,kWh,,
forms/2026-W19.csv,2026-05-08,2026-W19,T.0019__FL06__LP6,LP6,ท.0019 ชั้นที่ 6 อาคารทำการ ชธธ. ระบบแสงสว่าง 6,71556.45,kWh,,
forms/2026-W20.csv,2026-05-15,2026-W20,T.0019__FL06__LP6,LP6,ท.0019 ชั้นที่ 6 อาคารทำการ ชธธ. ระบบแสงสว่าง 6,71639.02,kWh,,
forms/2026-W17.csv,2026-04-24,2026-W17,T.0019__FL06__PP61,PP61,ท.0019 ชั้นที่ 6 อาคารทำการ ชธธ. ระบบเครื่องใช้ไฟฟ้า 6/1,18820.87,kWh,,
forms/2026-W18.csv,2026-05-01,2026-W18,T.0019__FL06__PP61,PP61,ท.0019 ชั้นที่ 6 อาคารทำการ ชธธ. ระบบเครื่องใช้ไฟฟ้า 6/1,18850.22,kWh,,
forms/2026-W19.csv,2026-05-08,2026-W19,T.0019__FL06__PP61,PP61,ท.0019 ชั้นที่ 6 อาคารทำการ ชธธ. ระบบเครื่องใช้ไฟฟ้า 6/1,18865.31,kWh,,
forms/2026-W20.csv,2026-05-15,2026-W20,T.0019__FL06__PP61,PP61,ท.0019 ชั้นที่ 6 อาคารทำการ ชธธ. ระบบเครื่องใช้ไฟฟ้า 6/1,18888.38,kWh,,
forms/2026-W17.csv,2026-04-24,2026-W17,T.0019__FL06__PP62,PP62,ท.0019 ชั้นที่ 6 อาคารทำการ ชธธ. ระบบเครื่องใช้ไฟฟ้า 6/2,9143.37,kWh,,
forms/2026-W18.csv,2026-05-01,2026-W18,T.0019__FL06__PP62,PP62,ท.0019 ชั้นที่ 6 อาคารทำการ ชธธ. ระบบเครื่องใช้ไฟฟ้า 6/2,9167.85,kWh,,
forms/2026-W19.csv,2026-05-08,2026-W19,T.0019__FL06__PP62,PP62,ท.0019 ชั้นที่ 6 อาคารทำการ ชธธ. ระบบเครื่องใช้ไฟฟ้า 6/2,9176.27,kWh,,
forms/2026-W20.csv,2026-05-15,2026-W20,T.0019__FL06__PP62,PP62,ท.0019 ชั้นที่ 6 อาคารทำการ ชธธ. ระบบเครื่องใช้ไฟฟ้า 6/2,9188.56,kWh,,
forms/2026-W17.csv,2026-04-24,2026-W17,T.0019__FL06__SCB_6,SCB 6,ท.0019 ชั้นที่ 6 อบฟ.,211298.12,kWh,,
forms/2026-W18.csv,2026-05-01,2026-W18,T.0019__FL06__SCB_6,SCB 6,ท.0019 ชั้นที่ 6 อบฟ.,211769.76,kWh,,
forms/2026-W19.csv,2026-05-08,2026-W19,T.0019__FL06__SCB_6,SCB 6,ท.0019 ชั้นที่ 6 อบฟ.,211989.64,kWh,,
forms/2026-W20.csv,2026-05-15,2026-W20,T.0019__FL06__SCB_6,SCB 6,ท.0019 ชั้นที่ 6 อบฟ.,212344.21,kWh,,
forms/2026-W17.csv,2026-04-24,2026-W17,T.0019__FL07__AP7,AP7,ท.0019 ชั้นที่ 7 อาคารทำการ ชธธ. ระบบเครื่องปรับอากาศ 7,33240.36,kWh,,
forms/2026-W18.csv,2026-05-01,2026-W18,T.0019__FL07__AP7,AP7,ท.0019 ชั้นที่ 7 อาคารทำการ ชธธ. ระบบเครื่องปรับอากาศ 7,33340.83,kWh,,
forms/2026-W19.csv,2026-05-08,2026-W19,T.0019__FL07__AP7,AP7,ท.0019 ชั้นที่ 7 อาคารทำการ ชธธ. ระบบเครื่องปรับอากาศ 7,33387.56,kWh,,
forms/2026-W20.csv,2026-05-15,2026-W20,T.0019__FL07__AP7,AP7,ท.0019 ชั้นที่ 7 อาคารทำการ ชธธ. ระบบเครื่องปรับอากาศ 7,33503.17,kWh,,
forms/2026-W17.csv,2026-04-24,2026-W17,T.0019__FL07__LP7,LP7,ท.0019 ชั้นที่ 7 อาคารทำการ ชธธ. ระบบแสงสว่าง 7,102207.26,kWh,,
forms/2026-W18.csv,2026-05-01,2026-W18,T.0019__FL07__LP7,LP7,ท.0019 ชั้นที่ 7 อาคารทำการ ชธธ. ระบบแสงสว่าง 7,102425.87,kWh,,
forms/2026-W19.csv,2026-05-08,2026-W19,T.0019__FL07__LP7,LP7,ท.0019 ชั้นที่ 7 อาคารทำการ ชธธ. ระบบแสงสว่าง 7,102541.74,kWh,,
forms/2026-W20.csv,2026-05-15,2026-W20,T.0019__FL07__LP7,LP7,ท.0019 ชั้นที่ 7 อาคารทำการ ชธธ. ระบบแสงสว่าง 7,102699.43,kWh,,
forms/2026-W17.csv,2026-04-24,2026-W17,T.0019__FL07__PP71,PP71,ท.0019 ชั้นที่ 7 อาคารทำการ ชธธ. ระบบเครื่องใช้ไฟฟ้า 7/1,30859.42,kWh,,
forms/2026-W18.csv,2026-05-01,2026-W18,T.0019__FL07__PP71,PP71,ท.0019 ชั้นที่ 7 อาคารทำการ ชธธ. ระบบเครื่องใช้ไฟฟ้า 7/1,30921.32,kWh,,
forms/2026-W19.csv,2026-05-08,2026-W19,T.0019__FL07__PP71,PP71,ท.0019 ชั้นที่ 7 อาคารทำการ ชธธ. ระบบเครื่องใช้ไฟฟ้า 7/1,30952.37,kWh,,
forms/2026-W20.csv,2026-05-15,2026-W20,T.0019__FL07__PP71,PP71,ท.0019 ชั้นที่ 7 อาคารทำการ ชธธ. ระบบเครื่องใช้ไฟฟ้า 7/1,31000.07,kWh,,
forms/2026-W17.csv,2026-04-24,2026-W17,T.0019__FL07__PP72,PP72,ท.0019 ชั้นที่ 7 อาคารทำการ ชธธ. ระบบเครื่องใช้ไฟฟ้า 7/2,29826.22,kWh,,
forms/2026-W18.csv,2026-05-01,2026-W18,T.0019__FL07__PP72,PP72,ท.0019 ชั้นที่ 7 อาคารทำการ ชธธ. ระบบเครื่องใช้ไฟฟ้า 7/2,29936.82,kWh,,
forms/2026-W19.csv,2026-05-08,2026-W19,T.0019__FL07__PP72,PP72,ท.0019 ชั้นที่ 7 อาคารทำการ ชธธ. ระบบเครื่องใช้ไฟฟ้า 7/2,29973.31,kWh,,
forms/2026-W20.csv,2026-05-15,2026-W20,T.0019__FL07__PP72,PP72,ท.0019 ชั้นที่ 7 อาคารทำการ ชธธ. ระบบเครื่องใช้ไฟฟ้า 7/2,30048.07,kWh,,
forms/2026-W17.csv,2026-04-24,2026-W17,T.0019__FL07__SCB_7,SCB 7,ท.0019 ชั้นที่ 7 อบฟ.,271065.69,kWh,,
forms/2026-W18.csv,2026-05-01,2026-W18,T.0019__FL07__SCB_7,SCB 7,ท.0019 ชั้นที่ 7 อบฟ.,271745.68,kWh,,
forms/2026-W19.csv,2026-05-08,2026-W19,T.0019__FL07__SCB_7,SCB 7,ท.0019 ชั้นที่ 7 อบฟ.,272064.38,kWh,,
forms/2026-W20.csv,2026-05-15,2026-W20,T.0019__FL07__SCB_7,SCB 7,ท.0019 ชั้นที่ 7 อบฟ.,272622.69,kWh,,
forms/2026-W17.csv,2026-04-24,2026-W17,T.0019__FL08__AP8,AP8,ท.0019 ชั้นที่ 8 อาคารทำการ ชธธ. ระบบเครื่องปรับอากาศ 8,61601.62,kWh,,
forms/2026-W18.csv,2026-05-01,2026-W18,T.0019__FL08__AP8,AP8,ท.0019 ชั้นที่ 8 อาคารทำการ ชธธ. ระบบเครื่องปรับอากาศ 8,61767.0,kWh,,
forms/2026-W19.csv,2026-05-08,2026-W19,T.0019__FL08__AP8,AP8,ท.0019 ชั้นที่ 8 อาคารทำการ ชธธ. ระบบเครื่องปรับอากาศ 8,61767.0,kWh,,
forms/2026-W20.csv,2026-05-15,2026-W20,T.0019__FL08__AP8,AP8,ท.0019 ชั้นที่ 8 อาคารทำการ ชธธ. ระบบเครื่องปรับอากาศ 8,61997.45,kWh,,
forms/2026-W17.csv,2026-04-24,2026-W17,T.0019__FL08__LP8,LP8,ท.0019 ชั้นที่ 8 อาคารทำการ ชธธ. ระบบแสงสว่าง 8,75972.13,kWh,,
forms/2026-W18.csv,2026-05-01,2026-W18,T.0019__FL08__LP8,LP8,ท.0019 ชั้นที่ 8 อาคารทำการ ชธธ. ระบบแสงสว่าง 8,76071.62,kWh,,
forms/2026-W19.csv,2026-05-08,2026-W19,T.0019__FL08__LP8,LP8,ท.0019 ชั้นที่ 8 อาคารทำการ ชธธ. ระบบแสงสว่าง 8,76071.62,kWh,,
forms/2026-W20.csv,2026-05-15,2026-W20,T.0019__FL08__LP8,LP8,ท.0019 ชั้นที่ 8 อาคารทำการ ชธธ. ระบบแสงสว่าง 8,76209.87,kWh,,
forms/2026-W17.csv,2026-04-24,2026-W17,T.0019__FL08__PP81,PP81,ท.0019 ชั้นที่ 8 อาคารทำการ ชธธ. ระบบเครื่องใช้ไฟฟ้า 8/1,49565.89,kWh,,
forms/2026-W18.csv,2026-05-01,2026-W18,T.0019__FL08__PP81,PP81,ท.0019 ชั้นที่ 8 อาคารทำการ ชธธ. ระบบเครื่องใช้ไฟฟ้า 8/1,49621.19,kWh,,
forms/2026-W19.csv,2026-05-08,2026-W19,T.0019__FL08__PP81,PP81,ท.0019 ชั้นที่ 8 อาคารทำการ ชธธ. ระบบเครื่องใช้ไฟฟ้า 8/1,49621.19,kWh,,
forms/2026-W20.csv,2026-05-15,2026-W20,T.0019__FL08__PP81,PP81,ท.0019 ชั้นที่ 8 อาคารทำการ ชธธ. ระบบเครื่องใช้ไฟฟ้า 8/1,49694.91,kWh,,
forms/2026-W17.csv,2026-04-24,2026-W17,T.0019__FL08__PP82,PP82,ท.0019 ชั้นที่ 8 อาคารทำการ ชธธ. ระบบเครื่องใช้ไฟฟ้า 8/2,5908.58,kWh,,
forms/2026-W18.csv,2026-05-01,2026-W18,T.0019__FL08__PP82,PP82,ท.0019 ชั้นที่ 8 อาคารทำการ ชธธ. ระบบเครื่องใช้ไฟฟ้า 8/2,5919.74,kWh,,
forms/2026-W19.csv,2026-05-08,2026-W19,T.0019__FL08__PP82,PP82,ท.0019 ชั้นที่ 8 อาคารทำการ ชธธ. ระบบเครื่องใช้ไฟฟ้า 8/2,5919.74,kWh,,
forms/2026-W20.csv,2026-05-15,2026-W20,T.0019__FL08__PP82,PP82,ท.0019 ชั้นที่ 8 อาคารทำการ ชธธ. ระบบเครื่องใช้ไฟฟ้า 8/2,5940.51,kWh,,
forms/2026-W17.csv,2026-04-24,2026-W17,T.0019__FL08__SCB_8,SCB 8,ท.0019 ชั้นที่ 8 อบค.,256857.29,kWh,,
forms/2026-W18.csv,2026-05-01,2026-W18,T.0019__FL08__SCB_8,SCB 8,ท.0019 ชั้นที่ 8 อบค.,257336.72,kWh,,
forms/2026-W19.csv,2026-05-08,2026-W19,T.0019__FL08__SCB_8,SCB 8,ท.0019 ชั้นที่ 8 อบค.,257336.72,kWh,,
forms/2026-W20.csv,2026-05-15,2026-W20,T.0019__FL08__SCB_8,SCB 8,ท.0019 ชั้นที่ 8 อบค.,257974.05,kWh,,
forms/2026-W17.csv,2026-04-24,2026-W17,T.0019__FL09__AP9,AP9,ท.0019 ชั้นที่ 9 อาคารทำการ ชธธ. ระบบเครื่องปรับอากาศ 9,64141.79,kWh,,
forms/2026-W18.csv,2026-05-01,2026-W18,T.0019__FL09__AP9,AP9,ท.0019 ชั้นที่ 9 อาคารทำการ ชธธ. ระบบเครื่องปรับอากาศ 9,64320.77,kWh,,
forms/2026-W19.csv,2026-05-08,2026-W19,T.0019__FL09__AP9,AP9,ท.0019 ชั้นที่ 9 อาคารทำการ ชธธ. ระบบเครื่องปรับอากาศ 9,64320.77,kWh,,
forms/2026-W20.csv,2026-05-15,2026-W20,T.0019__FL09__AP9,AP9,ท.0019 ชั้นที่ 9 อาคารทำการ ชธธ. ระบบเครื่องปรับอากาศ 9,64568.58,kWh,,
forms/2026-W17.csv,2026-04-24,2026-W17,T.0019__FL09__BP,BP,ท.0019 Booster Pump,11432.97,kWh,,
forms/2026-W18.csv,2026-05-01,2026-W18,T.0019__FL09__BP,BP,ท.0019 Booster Pump,11471.34,kWh,,
forms/2026-W19.csv,2026-05-08,2026-W19,T.0019__FL09__BP,BP,ท.0019 Booster Pump,11471.34,kWh,,
forms/2026-W20.csv,2026-05-15,2026-W20,T.0019__FL09__BP,BP,ท.0019 Booster Pump,11511.14,kWh,,
forms/2026-W17.csv,2026-04-24,2026-W17,T.0019__FL09__LP9,LP9,ท.0019 ชั้นที่ 9 อาคารทำการ ชธธ. ระบบแสงสว่าง 9,41040.67,kWh,,
forms/2026-W18.csv,2026-05-01,2026-W18,T.0019__FL09__LP9,LP9,ท.0019 ชั้นที่ 9 อาคารทำการ ชธธ. ระบบแสงสว่าง 9,41054.29,kWh,,
forms/2026-W19.csv,2026-05-08,2026-W19,T.0019__FL09__LP9,LP9,ท.0019 ชั้นที่ 9 อาคารทำการ ชธธ. ระบบแสงสว่าง 9,41054.29,kWh,,
forms/2026-W20.csv,2026-05-15,2026-W20,T.0019__FL09__LP9,LP9,ท.0019 ชั้นที่ 9 อาคารทำการ ชธธ. ระบบแสงสว่าง 9,41069.97,kWh,,
forms/2026-W17.csv,2026-04-24,2026-W17,T.0019__FL09__PP91,PP91,ท.0019 ชั้นที่ 9 อาคารทำการ ชธธ. ระบบเครื่องใช้ไฟฟ้า 9/1,26547.03,kWh,,
forms/2026-W18.csv,2026-05-01,2026-W18,T.0019__FL09__PP91,PP91,ท.0019 ชั้นที่ 9 อาคารทำการ ชธธ. ระบบเครื่องใช้ไฟฟ้า 9/1,26608.84,kWh,,
forms/2026-W19.csv,2026-05-08,2026-W19,T.0019__FL09__PP91,PP91,ท.0019 ชั้นที่ 9 อาคารทำการ ชธธ. ระบบเครื่องใช้ไฟฟ้า 9/1,26608.84,kWh,,
forms/2026-W20.csv,2026-05-15,2026-W20,T.0019__FL09__PP91,PP91,ท.0019 ชั้นที่ 9 อาคารทำการ ชธธ. ระบบเครื่องใช้ไฟฟ้า 9/1,26689.87,kWh,,
forms/2026-W17.csv,2026-04-24,2026-W17,T.0019__FL09__PP92,PP92,ท.0019 ชั้นที่ 9 อาคารทำการ ชธธ. ระบบเครื่องใช้ไฟฟ้า 9/2,28837.45,kWh,,
forms/2026-W18.csv,2026-05-01,2026-W18,T.0019__FL09__PP92,PP92,ท.0019 ชั้นที่ 9 อาคารทำการ ชธธ. ระบบเครื่องใช้ไฟฟ้า 9/2,29142.88,kWh,,
forms/2026-W19.csv,2026-05-08,2026-W19,T.0019__FL09__PP92,PP92,ท.0019 ชั้นที่ 9 อาคารทำการ ชธธ. ระบบเครื่องใช้ไฟฟ้า 9/2,29142.88,kWh,,
forms/2026-W20.csv,2026-05-15,2026-W20,T.0019__FL09__PP92,PP92,ท.0019 ชั้นที่ 9 อาคารทำการ ชธธ. ระบบเครื่องใช้ไฟฟ้า 9/2,29432.53,kWh,,
forms/2026-W17.csv,2026-04-24,2026-W17,T.0019__FL09__PPAC_1,PPAC 1,ท.0019 ชั้นที่ 9 อาคารทำการ ชธธ. แอร์รวม 1,110350.51,kWh,,
forms/2026-W18.csv,2026-05-01,2026-W18,T.0019__FL09__PPAC_1,PPAC 1,ท.0019 ชั้นที่ 9 อาคารทำการ ชธธ. แอร์รวม 1,114270.83,kWh,,
forms/2026-W19.csv,2026-05-08,2026-W19,T.0019__FL09__PPAC_1,PPAC 1,ท.0019 ชั้นที่ 9 อาคารทำการ ชธธ. แอร์รวม 1,114270.83,kWh,,
forms/2026-W20.csv,2026-05-15,2026-W20,T.0019__FL09__PPAC_1,PPAC 1,ท.0019 ชั้นที่ 9 อาคารทำการ ชธธ. แอร์รวม 1,119185.28,kWh,,
forms/2026-W17.csv,2026-04-24,2026-W17,T.0019__FL09__PPAC_2,PPAC 2,ท.0019 ชั้นที่ 9 อาคารทำการ ชธธ. แอร์รวม 2,102136.24,kWh,,
forms/2026-W18.csv,2026-05-01,2026-W18,T.0019__FL09__PPAC_2,PPAC 2,ท.0019 ชั้นที่ 9 อาคารทำการ ชธธ. แอร์รวม 2,106277.59,kWh,,
forms/2026-W19.csv,2026-05-08,2026-W19,T.0019__FL09__PPAC_2,PPAC 2,ท.0019 ชั้นที่ 9 อาคารทำการ ชธธ. แอร์รวม 2,106277.59,kWh,,
forms/2026-W20.csv,2026-05-15,2026-W20,T.0019__FL09__PPAC_2,PPAC 2,ท.0019 ชั้นที่ 9 อาคารทำการ ชธธ. แอร์รวม 2,110863.53,kWh,,
forms/2026-W17.csv,2026-04-24,2026-W17,T.0019__FL09__PPAC_3,PPAC 3,ท.0019 ชั้นที่ 9 อาคารทำการ ชธธ. แอร์รวม 3,41151.41,kWh,,
forms/2026-W18.csv,2026-05-01,2026-W18,T.0019__FL09__PPAC_3,PPAC 3,ท.0019 ชั้นที่ 9 อาคารทำการ ชธธ. แอร์รวม 3,42676.02,kWh,,
forms/2026-W19.csv,2026-05-08,2026-W19,T.0019__FL09__PPAC_3,PPAC 3,ท.0019 ชั้นที่ 9 อาคารทำการ ชธธ. แอร์รวม 3,42676.02,kWh,,
forms/2026-W20.csv,2026-05-15,2026-W20,T.0019__FL09__PPAC_3,PPAC 3,ท.0019 ชั้นที่ 9 อาคารทำการ ชธธ. แอร์รวม 3,44533.15,kWh,,
forms/2026-W17.csv,2026-04-24,2026-W17,T.0019__FL09__PPD,PPD,ท.0019 ชั้นที่ 9 PPD,249568.37,kWh,,
forms/2026-W18.csv,2026-05-01,2026-W18,T.0019__FL09__PPD,PPD,ท.0019 ชั้นที่ 9 PPD,251241.3,kWh,,
forms/2026-W19.csv,2026-05-08,2026-W19,T.0019__FL09__PPD,PPD,ท.0019 ชั้นที่ 9 PPD,251241.3,kWh,,
forms/2026-W20.csv,2026-05-15,2026-W20,T.0019__FL09__PPD,PPD,ท.0019 ชั้นที่ 9 PPD,252694.28,kWh,,
forms/2026-W17.csv,2026-04-24,2026-W17,T.0019__FL09__PPL,PPL,ท.0019 PPL (Lift),110577.71,kWh,,
forms/2026-W18.csv,2026-05-01,2026-W18,T.0019__FL09__PPL,PPL,ท.0019 PPL (Lift),110848.6,kWh,,
forms/2026-W19.csv,2026-05-08,2026-W19,T.0019__FL09__PPL,PPL,ท.0019 PPL (Lift),110848.6,kWh,,
forms/2026-W20.csv,2026-05-15,2026-W20,T.0019__FL09__PPL,PPL,ท.0019 PPL (Lift),111188.35,kWh,,
forms/2026-W17.csv,2026-04-24,2026-W17,T.0019__FL09__SCB_9,SCB 9,ท.0019 ชั้นที่ 9 (รวม),379218.38,kWh,,
forms/2026-W18.csv,2026-05-01,2026-W18,T.0019__FL09__SCB_9,SCB 9,ท.0019 ชั้นที่ 9 (รวม),393986.92,kWh,,
forms/2026-W19.csv,2026-05-08,2026-W19,T.0019__FL09__SCB_9,SCB 9,ท.0019 ชั้นที่ 9 (รวม),393986.92,kWh,,
forms/2026-W20.csv,2026-05-15,2026-W20,T.0019__FL09__SCB_9,SCB 9,ท.0019 ชั้นที่ 9 (รวม),411249.24,kWh,,
forms/2026-W17.csv,2026-04-24,2026-W17,T.0020__FL01__AP21,AP21,ท.0020 อาคาร ศูนย์รับรองสมรรถนะฯ ระบบเครื่องปรับอากาศ 1,23976.92,kWh,,
forms/2026-W18.csv,2026-05-01,2026-W18,T.0020__FL01__AP21,AP21,ท.0020 อาคาร ศูนย์รับรองสมรรถนะฯ ระบบเครื่องปรับอากาศ 1,24032.84,kWh,,
forms/2026-W19.csv,2026-05-08,2026-W19,T.0020__FL01__AP21,AP21,ท.0020 อาคาร ศูนย์รับรองสมรรถนะฯ ระบบเครื่องปรับอากาศ 1,24032.84,kWh,,
forms/2026-W20.csv,2026-05-15,2026-W20,T.0020__FL01__AP21,AP21,ท.0020 อาคาร ศูนย์รับรองสมรรถนะฯ ระบบเครื่องปรับอากาศ 1,24092.69,kWh,,
forms/2026-W17.csv,2026-04-24,2026-W17,T.0020__FL01__AP22,AP22,ท.0020 อาคาร ศูนย์รับรองสมรรถนะฯ ระบบเครื่องปรับอากาศ 2,29.79,kWh,,
forms/2026-W18.csv,2026-05-01,2026-W18,T.0020__FL01__AP22,AP22,ท.0020 อาคาร ศูนย์รับรองสมรรถนะฯ ระบบเครื่องปรับอากาศ 2,29.79,kWh,,
forms/2026-W19.csv,2026-05-08,2026-W19,T.0020__FL01__AP22,AP22,ท.0020 อาคาร ศูนย์รับรองสมรรถนะฯ ระบบเครื่องปรับอากาศ 2,29.79,kWh,,
forms/2026-W20.csv,2026-05-15,2026-W20,T.0020__FL01__AP22,AP22,ท.0020 อาคาร ศูนย์รับรองสมรรถนะฯ ระบบเครื่องปรับอากาศ 2,29.79,kWh,,
forms/2026-W17.csv,2026-04-24,2026-W17,T.0020__FL01__AP23,AP23,ท.0020 อาคาร ศูนย์รับรองสมรรถนะฯ ระบบเครื่องปรับอากาศ 3,46.97,kWh,,
forms/2026-W18.csv,2026-05-01,2026-W18,T.0020__FL01__AP23,AP23,ท.0020 อาคาร ศูนย์รับรองสมรรถนะฯ ระบบเครื่องปรับอากาศ 3,46.97,kWh,,
forms/2026-W19.csv,2026-05-08,2026-W19,T.0020__FL01__AP23,AP23,ท.0020 อาคาร ศูนย์รับรองสมรรถนะฯ ระบบเครื่องปรับอากาศ 3,46.97,kWh,,
forms/2026-W20.csv,2026-05-15,2026-W20,T.0020__FL01__AP23,AP23,ท.0020 อาคาร ศูนย์รับรองสมรรถนะฯ ระบบเครื่องปรับอากาศ 3,46.97,kWh,,
forms/2026-W17.csv,2026-04-24,2026-W17,T.0020__FL01__LP21,LP21,ท.0020 อาคาร ศูนย์รับรองสมรรถนะฯ ระบบแสงสว่าง 1,36761.96,kWh,,
forms/2026-W18.csv,2026-05-01,2026-W18,T.0020__FL01__LP21,LP21,ท.0020 อาคาร ศูนย์รับรองสมรรถนะฯ ระบบแสงสว่าง 1,36839.98,kWh,,
forms/2026-W19.csv,2026-05-08,2026-W19,T.0020__FL01__LP21,LP21,ท.0020 อาคาร ศูนย์รับรองสมรรถนะฯ ระบบแสงสว่าง 1,36839.98,kWh,,
forms/2026-W20.csv,2026-05-15,2026-W20,T.0020__FL01__LP21,LP21,ท.0020 อาคาร ศูนย์รับรองสมรรถนะฯ ระบบแสงสว่าง 1,36906.76,kWh,,
forms/2026-W17.csv,2026-04-24,2026-W17,T.0020__FL01__LP22,LP22,ท.0020 อาคาร ศูนย์รับรองสมรรถนะฯ ระบบแสงสว่าง 2,0.64,kWh,,
forms/2026-W18.csv,2026-05-01,2026-W18,T.0020__FL01__LP22,LP22,ท.0020 อาคาร ศูนย์รับรองสมรรถนะฯ ระบบแสงสว่าง 2,0.64,kWh,,
forms/2026-W19.csv,2026-05-08,2026-W19,T.0020__FL01__LP22,LP22,ท.0020 อาคาร ศูนย์รับรองสมรรถนะฯ ระบบแสงสว่าง 2,0.64,kWh,,
forms/2026-W20.csv,2026-05-15,2026-W20,T.0020__FL01__LP22,LP22,ท.0020 อาคาร ศูนย์รับรองสมรรถนะฯ ระบบแสงสว่าง 2,0.64,kWh,,
forms/2026-W17.csv,2026-04-24,2026-W17,T.0020__FL01__LP23,LP23,ท.0020 อาคาร ศูนย์รับรองสมรรถนะฯ ระบบแสงสว่าง 3,0.0,kWh,,
forms/2026-W18.csv,2026-05-01,2026-W18,T.0020__FL01__LP23,LP23,ท.0020 อาคาร ศูนย์รับรองสมรรถนะฯ ระบบแสงสว่าง 3,0.0,kWh,,
forms/2026-W19.csv,2026-05-08,2026-W19,T.0020__FL01__LP23,LP23,ท.0020 อาคาร ศูนย์รับรองสมรรถนะฯ ระบบแสงสว่าง 3,0.0,kWh,,
forms/2026-W20.csv,2026-05-15,2026-W20,T.0020__FL01__LP23,LP23,ท.0020 อาคาร ศูนย์รับรองสมรรถนะฯ ระบบแสงสว่าง 3,0.0,kWh,,
forms/2026-W17.csv,2026-04-24,2026-W17,T.0020__FL01__PP21,PP21,ท.0020 อาคาร ศูนย์รับรองสมรรถนะฯ ระบบเครื่องใช้ไฟฟ้า 1,51959.08,kWh,,
forms/2026-W18.csv,2026-05-01,2026-W18,T.0020__FL01__PP21,PP21,ท.0020 อาคาร ศูนย์รับรองสมรรถนะฯ ระบบเครื่องใช้ไฟฟ้า 1,52177.02,kWh,,
forms/2026-W19.csv,2026-05-08,2026-W19,T.0020__FL01__PP21,PP21,ท.0020 อาคาร ศูนย์รับรองสมรรถนะฯ ระบบเครื่องใช้ไฟฟ้า 1,52177.02,kWh,,
forms/2026-W20.csv,2026-05-15,2026-W20,T.0020__FL01__PP21,PP21,ท.0020 อาคาร ศูนย์รับรองสมรรถนะฯ ระบบเครื่องใช้ไฟฟ้า 1,52390.9,kWh,,
forms/2026-W17.csv,2026-04-24,2026-W17,T.0020__FL01__PP22,PP22,ท.0020 อาคาร ศูนย์รับรองสมรรถนะฯ ระบบเครื่องใช้ไฟฟ้า 2,2.55,kWh,,
forms/2026-W18.csv,2026-05-01,2026-W18,T.0020__FL01__PP22,PP22,ท.0020 อาคาร ศูนย์รับรองสมรรถนะฯ ระบบเครื่องใช้ไฟฟ้า 2,2.55,kWh,,
forms/2026-W19.csv,2026-05-08,2026-W19,T.0020__FL01__PP22,PP22,ท.0020 อาคาร ศูนย์รับรองสมรรถนะฯ ระบบเครื่องใช้ไฟฟ้า 2,2.55,kWh,,
forms/2026-W20.csv,2026-05-15,2026-W20,T.0020__FL01__PP22,PP22,ท.0020 อาคาร ศูนย์รับรองสมรรถนะฯ ระบบเครื่องใช้ไฟฟ้า 2,2.55,kWh,,
forms/2026-W17.csv,2026-04-24,2026-W17,T.0020__FL01__PP23,PP23,ท.0020 อาคาร ศูนย์รับรองสมรรถนะฯ ระบบเครื่องใช้ไฟฟ้า 3,35.01,kWh,,
forms/2026-W18.csv,2026-05-01,2026-W18,T.0020__FL01__PP23,PP23,ท.0020 อาคาร ศูนย์รับรองสมรรถนะฯ ระบบเครื่องใช้ไฟฟ้า 3,35.02,kWh,,
forms/2026-W19.csv,2026-05-08,2026-W19,T.0020__FL01__PP23,PP23,ท.0020 อาคาร ศูนย์รับรองสมรรถนะฯ ระบบเครื่องใช้ไฟฟ้า 3,35.02,kWh,,
forms/2026-W20.csv,2026-05-15,2026-W20,T.0020__FL01__PP23,PP23,ท.0020 อาคาร ศูนย์รับรองสมรรถนะฯ ระบบเครื่องใช้ไฟฟ้า 3,35.33,kWh,,
forms/2026-W17.csv,2026-04-24,2026-W17,T.0020__FL01__SCB_21,SCB 21,ท.0020 อาคาร ศูนย์รับรองสมรรถนะงานเดิมเครื่องและบำรุงรักษา,58030.18,kWh,,
forms/2026-W18.csv,2026-05-01,2026-W18,T.0020__FL01__SCB_21,SCB 21,ท.0020 อาคาร ศูนย์รับรองสมรรถนะงานเดิมเครื่องและบำรุงรักษา,61324.52,kWh,,
forms/2026-W19.csv,2026-05-08,2026-W19,T.0020__FL01__SCB_21,SCB 21,ท.0020 อาคาร ศูนย์รับรองสมรรถนะงานเดิมเครื่องและบำรุงรักษา,61324.52,kWh,,
forms/2026-W20.csv,2026-05-15,2026-W20,T.0020__FL01__SCB_21,SCB 21,ท.0020 อาคาร ศูนย์รับรองสมรรถนะงานเดิมเครื่องและบำรุงรักษา,64254.54,kWh,,
forms/2026-W17.csv,2026-04-24,2026-W17,T.0020__FL02__SCB_22,SCB 22,ท.0020 ชั้นที่ 2,125155.7,kWh,,
forms/2026-W18.csv,2026-05-01,2026-W18,T.0020__FL02__SCB_22,SCB 22,ท.0020 ชั้นที่ 2,125862.51,kWh,,
forms/2026-W19.csv,2026-05-08,2026-W19,T.0020__FL02__SCB_22,SCB 22,ท.0020 ชั้นที่ 2,125862.51,kWh,,
forms/2026-W20.csv,2026-05-15,2026-W20,T.0020__FL02__SCB_22,SCB 22,ท.0020 ชั้นที่ 2,126461.49,kWh,,
forms/2026-W17.csv,2026-04-24,2026-W17,T.0020__FL03__PPAC_3,PPAC 3,ท.0020 แอร์รวม,400482.4,kWh,,
forms/2026-W18.csv,2026-05-01,2026-W18,T.0020__FL03__PPAC_3,PPAC 3,ท.0020 แอร์รวม,402047.48,kWh,,
forms/2026-W19.csv,2026-05-08,2026-W19,T.0020__FL03__PPAC_3,PPAC 3,ท.0020 แอร์รวม,402047.48,kWh,,
forms/2026-W20.csv,2026-05-15,2026-W20,T.0020__FL03__PPAC_3,PPAC 3,ท.0020 แอร์รวม,403448.71,kWh,,
forms/2026-W17.csv,2026-04-24,2026-W17,T.0020__FL03__SCB_23,SCB 23,ท.0020 ชั้นที่ 3,94804.94,kWh,,
forms/2026-W18.csv,2026-05-01,2026-W18,T.0020__FL03__SCB_23,SCB 23,ท.0020 ชั้นที่ 3,95267.36,kWh,,
forms/2026-W19.csv,2026-05-08,2026-W19,T.0020__FL03__SCB_23,SCB 23,ท.0020 ชั้นที่ 3,95267.36,kWh,,
forms/2026-W20.csv,2026-05-15,2026-W20,T.0020__FL03__SCB_23,SCB 23,ท.0020 ชั้นที่ 3,95710.86,kWh,,
forms/2026-W17.csv,2026-04-24,2026-W17,T.0022__FL01__MDB,MDB,ท.0022 อาคารห้องกัมตภาพรังสี อบค.,1122.0,kWh,,
forms/2026-W18.csv,2026-05-01,2026-W18,T.0022__FL01__MDB,MDB,ท.0022 อาคารห้องกัมตภาพรังสี อบค.,1122.0,kWh,,
forms/2026-W19.csv,2026-05-08,2026-W19,T.0022__FL01__MDB,MDB,ท.0022 อาคารห้องกัมตภาพรังสี อบค.,1122.0,kWh,,
forms/2026-W20.csv,2026-05-15,2026-W20,T.0022__FL01__MDB,MDB,ท.0022 อาคารห้องกัมตภาพรังสี อบค.,1122.0,kWh,,
forms/2026-W17.csv,2026-04-24,2026-W17,T.0023__FL01__MDB,MDB,ท.0023 อาคาร Construction Shop อบค.,5793.0,kWh,,
forms/2026-W18.csv,2026-05-01,2026-W18,T.0023__FL01__MDB,MDB,ท.0023 อาคาร Construction Shop อบค.,5793.0,kWh,,
forms/2026-W19.csv,2026-05-08,2026-W19,T.0023__FL01__MDB,MDB,ท.0023 อาคาร Construction Shop อบค.,5793.0,kWh,,
forms/2026-W20.csv,2026-05-15,2026-W20,T.0023__FL01__MDB,MDB,ท.0023 อาคาร Construction Shop อบค.,5793.0,kWh,,
forms/2026-W17.csv,2026-04-24,2026-W17,T.0025__FL01__MDB,MDB,ท.0025 อาคารเก็บอุปกรณ์ อสร.,3039.0,kWh,,
forms/2026-W18.csv,2026-05-01,2026-W18,T.0025__FL01__MDB,MDB,ท.0025 อาคารเก็บอุปกรณ์ อสร.,3062.0,kWh,,
forms/2026-W19.csv,2026-05-08,2026-W19,T.0025__FL01__MDB,MDB,ท.0025 อาคารเก็บอุปกรณ์ อสร.,3068.0,kWh,,
forms/2026-W20.csv,2026-05-15,2026-W20,T.0025__FL01__MDB,MDB,ท.0025 อาคารเก็บอุปกรณ์ อสร.,3083.0,kWh,,
forms/2026-W17.csv,2026-04-24,2026-W17,T.0026__FL01__MDB,MDB,ท.0026 อาคารบริหารการขนส่ง,666.42,MWh,,
forms/2026-W18.csv,2026-05-01,2026-W18,T.0026__FL01__MDB,MDB,ท.0026 อาคารบริหารการขนส่ง,670.11,MWh,,
forms/2026-W19.csv,2026-05-08,2026-W19,T.0026__FL01__MDB,MDB,ท.0026 อาคารบริหารการขนส่ง,671.65,MWh,,
forms/2026-W20.csv,2026-05-15,2026-W20,T.0026__FL01__MDB,MDB,ท.0026 อาคารบริหารการขนส่ง,674.11,MWh,,
forms/2026-W17.csv,2026-04-24,2026-W17,T.0027__FL01__MDB,MDB,ท.0027 อาคารปฏิบัติการกองขนส่ง,270.74,MWh,,
forms/2026-W18.csv,2026-05-01,2026-W18,T.0027__FL01__MDB,MDB,ท.0027 อาคารปฏิบัติการกองขนส่ง,272.4,MWh,,
forms/2026-W19.csv,2026-05-08,2026-W19,T.0027__FL01__MDB,MDB,ท.0027 อาคารปฏิบัติการกองขนส่ง,272.91,MWh,,
forms/2026-W20.csv,2026-05-15,2026-W20,T.0027__FL01__MDB,MDB,ท.0027 อาคารปฏิบัติการกองขนส่ง,273.9,MWh,,
forms/2026-W17.csv,2026-04-24,2026-W17,T.0028__FL01__MDB,MDB,ท.0028 อาคารกองซ่อมเครื่องจักรกลและยานพาหนะ 1,280.6,MWh,,
forms/2026-W18.csv,2026-05-01,2026-W18,T.0028__FL01__MDB,MDB,ท.0028 อาคารกองซ่อมเครื่องจักรกลและยานพาหนะ 1,282.43,MWh,,
forms/2026-W19.csv,2026-05-08,2026-W19,T.0028__FL01__MDB,MDB,ท.0028 อาคารกองซ่อมเครื่องจักรกลและยานพาหนะ 1,283.08,MWh,,
forms/2026-W20.csv,2026-05-15,2026-W20,T.0028__FL01__MDB,MDB,ท.0028 อาคารกองซ่อมเครื่องจักรกลและยานพาหนะ 1,284.29,MWh,,
forms/2026-W17.csv,2026-04-24,2026-W17,T.0029__FL01__MDB,MDB,ท.0029 อาคารกองซ่อมเครื่องจักรกลและยานพาหนะ 2,357.99,MWh,,
forms/2026-W18.csv,2026-05-01,2026-W18,T.0029__FL01__MDB,MDB,ท.0029 อาคารกองซ่อมเครื่องจักรกลและยานพาหนะ 2,359.59,MWh,,
forms/2026-W19.csv,2026-05-08,2026-W19,T.0029__FL01__MDB,MDB,ท.0029 อาคารกองซ่อมเครื่องจักรกลและยานพาหนะ 2,360.46,MWh,,
forms/2026-W20.csv,2026-05-15,2026-W20,T.0029__FL01__MDB,MDB,ท.0029 อาคารกองซ่อมเครื่องจักรกลและยานพาหนะ 2,362.05,MWh,,
